Position,Len,File*,Field,Description,Flag Position,Values,Definition,Territory Only
1-7,1,,FILLER01,Filler,,Blank,,
8,1,,LATEREC,Late Record Flag,,"0, blank",Not late record,
8,1,,LATEREC,Late Record Flag,,1,Late record,
9-12,4,"P,G",DOB_YY,Birth Year,,2017,2018,
13-14,2,"P,G",DOB_MM,Birth Month,,1,January,
13-14,2,"P,G",DOB_MM,Birth Month,,2,February,
13-14,2,"P,G",DOB_MM,Birth Month,,3,March,
13-14,2,"P,G",DOB_MM,Birth Month,,4,April,
13-14,2,"P,G",DOB_MM,Birth Month,,5,May,
13-14,2,"P,G",DOB_MM,Birth Month,,6,June,
13-14,2,"P,G",DOB_MM,Birth Month,,7,July,
13-14,2,"P,G",DOB_MM,Birth Month,,8,August,
13-14,2,"P,G",DOB_MM,Birth Month,,9,September,
13-14,2,"P,G",DOB_MM,Birth Month,,10,October,
13-14,2,"P,G",DOB_MM,Birth Month,,11,November,
13-14,2,"P,G",DOB_MM,Birth Month,,12,December,
15-18,4,,FILLER02,Filler,,Blank,,
19-22,4,"P,G",DOB_TT,Time of Birth,126,0000-2359,Time of Birth,
19-22,4,"P,G",DOB_TT,Time of Birth,126,9999,Not Stated,
23,1,"P,G",DOB_WK,Birth Day of Week,,1,Sunday,
23,1,"P,G",DOB_WK,Birth Day of Week,,2,Monday,
23,1,"P,G",DOB_WK,Birth Day of Week,,3,Tuesday,
23,1,"P,G",DOB_WK,Birth Day of Week,,4,Wednesday,
23,1,"P,G",DOB_WK,Birth Day of Week,,5,Thursday,
23,1,"P,G",DOB_WK,Birth Day of Week,,6,Friday,
23,1,"P,G",DOB_WK,Birth Day of Week,,7,Saturday,
24-31,8,,FILLER03,Filler,,Blank,,
32,1,"P,G",BFACIL,"Birth Place (Revised) 
Revised data only.
See field 1330 for national data.",33,1,Hospital,
32,1,"P,G",BFACIL,"Birth Place (Revised) 
Revised data only.
See field 1330 for national data.",33,2,Freestanding Birth Center,
32,1,"P,G",BFACIL,"Birth Place (Revised) 
Revised data only.
See field 1330 for national data.",33,3,Home (intended),
32,1,"P,G",BFACIL,"Birth Place (Revised) 
Revised data only.
See field 1330 for national data.",33,4,Home (not intended),
32,1,"P,G",BFACIL,"Birth Place (Revised) 
Revised data only.
See field 1330 for national data.",33,5,Home (unknown if intended),
32,1,"P,G",BFACIL,"Birth Place (Revised) 
Revised data only.
See field 1330 for national data.",33,6,Clinic / Doctor’s Office,
32,1,"P,G",BFACIL,"Birth Place (Revised) 
Revised data only.
See field 1330 for national data.",33,7,Other,
32,1,"P,G",BFACIL,"Birth Place (Revised) 
Revised data only.
See field 1330 for national data.",33,9,Unknown,
33,1,"P,G",F_BFACIL,Reporting Flag for Birth Place,,See footnote,,
34-49,16,,FILLER04,Filler,,Blank,,
50,1,"P,G",BFACIL3,Facility Recode,,1,In Hospital,
50,1,"P,G",BFACIL3,Facility Recode,,2,Not in Hospital,
50,1,"P,G",BFACIL3,Facility Recode,,3,Unknown or Not Stated,
51-72,22,,FILLER05,Filler,,Blank,,
73,1,"P,G",MAGEIMP,"Mother’s Age Imputed
Due to missing data, age imputed.",,Blank,Age not imputed,
73,1,"P,G",MAGEIMP,"Mother’s Age Imputed
Due to missing data, age imputed.",,1,Age imputed,
74,1,"P,G",MAGEREP,"Reported Age of Mother Used Flag
Due to missing date of birth, reported age used.",,Blank,Reported age not used,
74,1,"P,G",MAGEREP,"Reported Age of Mother Used Flag
Due to missing date of birth, reported age used.",,1,Reported age used,
75-76,2,"P,G",MAGER,Mother’s Age Recode 41,,12,10 – 12 years,
75-76,2,"P,G",MAGER,Mother’s Age Recode 41,,13,13 years,
75-76,2,"P,G",MAGER,Mother’s Age Recode 41,,14,14 years,
75-76,2,"P,G",MAGER,Mother’s Age Recode 41,,15,15 years,
75-76,2,"P,G",MAGER,Mother’s Age Recode 41,,16,16 years,
75-76,2,"P,G",MAGER,Mother’s Age Recode 41,,17,17 years,
75-76,2,"P,G",MAGER,Mother’s Age Recode 41,,18,18 years,
75-76,2,"P,G",MAGER,Mother’s Age Recode 41,,19,19 years,
75-76,2,"P,G",MAGER,Mother’s Age Recode 41,,20,20 years,
75-76,2,"P,G",MAGER,Mother’s Age Recode 41,,21,21 years,
75-76,2,"P,G",MAGER,Mother’s Age Recode 41,,22,22 years,
75-76,2,"P,G",MAGER,Mother’s Age Recode 41,,23,23 years,
75-76,2,"P,G",MAGER,Mother’s Age Recode 41,,24,24 years,
75-76,2,"P,G",MAGER,Mother’s Age Recode 41,,25,25 years,
75-76,2,"P,G",MAGER,Mother’s Age Recode 41,,26,26 years,
75-76,2,"P,G",MAGER,Mother’s Age Recode 41,,27,27 years,
75-76,2,"P,G",MAGER,Mother’s Age Recode 41,,28,28 years,
75-76,2,"P,G",MAGER,Mother’s Age Recode 41,,29,29 years,
75-76,2,"P,G",MAGER,Mother’s Age Recode 41,,30,30 years,
75-76,2,"P,G",MAGER,Mother’s Age Recode 41,,31,31 years,
75-76,2,"P,G",MAGER,Mother’s Age Recode 41,,32,32 years,
75-76,2,"P,G",MAGER,Mother’s Age Recode 41,,33,33 years,
75-76,2,"P,G",MAGER,Mother’s Age Recode 41,,34,34 years,
75-76,2,"P,G",MAGER,Mother’s Age Recode 41,,35,35 years,
75-76,2,"P,G",MAGER,Mother’s Age Recode 41,,36,36 years,
75-76,2,"P,G",MAGER,Mother’s Age Recode 41,,37,37 years,
75-76,2,"P,G",MAGER,Mother’s Age Recode 41,,38,38 years,
75-76,2,"P,G",MAGER,Mother’s Age Recode 41,,39,39 years,
75-76,2,"P,G",MAGER,Mother’s Age Recode 41,,40,40 years,
75-76,2,"P,G",MAGER,Mother’s Age Recode 41,,41,41 years,
75-76,2,"P,G",MAGER,Mother’s Age Recode 41,,42,42 years,
75-76,2,"P,G",MAGER,Mother’s Age Recode 41,,43,43 years,
75-76,2,"P,G",MAGER,Mother’s Age Recode 41,,44,44 years,
75-76,2,"P,G",MAGER,Mother’s Age Recode 41,,45,45 years,
75-76,2,"P,G",MAGER,Mother’s Age Recode 41,,46,46 years,
75-76,2,"P,G",MAGER,Mother’s Age Recode 41,,47,47 years,
75-76,2,"P,G",MAGER,Mother’s Age Recode 41,,48,48 years,
75-76,2,"P,G",MAGER,Mother’s Age Recode 41,,49,49 years,
75-76,2,"P,G",MAGER,Mother’s Age Recode 41,,50,50 years and over,
77-78,2,"P,G",MAGER14,Mother’s Age Recode 14,,01,Under 15 Years,
77-78,2,"P,G",MAGER14,Mother’s Age Recode 14,,03,15 years,
77-78,2,"P,G",MAGER14,Mother’s Age Recode 14,,04,16 years,
77-78,2,"P,G",MAGER14,Mother’s Age Recode 14,,05,17 years,
77-78,2,"P,G",MAGER14,Mother’s Age Recode 14,,06,18 years,
77-78,2,"P,G",MAGER14,Mother’s Age Recode 14,,07,19 years,
77-78,2,"P,G",MAGER14,Mother’s Age Recode 14,,08,20-24 years,
77-78,2,"P,G",MAGER14,Mother’s Age Recode 14,,09,25-29 years,
77-78,2,"P,G",MAGER14,Mother’s Age Recode 14,,10,30-34 years,
77-78,2,"P,G",MAGER14,Mother’s Age Recode 14,,11,35-39 years,
77-78,2,"P,G",MAGER14,Mother’s Age Recode 14,,12,40-44 years,
77-78,2,"P,G",MAGER14,Mother’s Age Recode 14,,13,45-49 years,
77-78,2,"P,G",MAGER14,Mother’s Age Recode 14,,14,50-54 years,
79,1,"P,G",MAGER9,Mother’s Age Recode 9,,1,Under 15 years,
79,1,"P,G",MAGER9,Mother’s Age Recode 9,,2,15-19 years,
79,1,"P,G",MAGER9,Mother’s Age Recode 9,,3,20-24 years,
79,1,"P,G",MAGER9,Mother’s Age Recode 9,,4,25-29 years,
79,1,"P,G",MAGER9,Mother’s Age Recode 9,,5,30-34 years,
79,1,"P,G",MAGER9,Mother’s Age Recode 9,,6,35-39 years,
79,1,"P,G",MAGER9,Mother’s Age Recode 9,,7,40-44 years,
79,1,"P,G",MAGER9,Mother’s Age Recode 9,,8,45-49 years,
79,1,"P,G",MAGER9,Mother’s Age Recode 9,,9,50-54 years,
80-83,2,,FILLER06,Filler,,Blank,,
84,1,"P,G",MBSTATE_REC,Mother’s Nativity,,1,Born in the U.S. (50 US States),
84,1,"P,G",MBSTATE_REC,Mother’s Nativity,,2,Born outside the U.S. (includes possessions),
84,1,"P,G",MBSTATE_REC,Mother’s Nativity,,3,Unknown or Not Stated,
85-103,19,,FILLER07,Filler,,Blank,,
104,1,"P,G",RESTATUS,Residence Status,,1,RESIDENT: State and county of occurrence and residence are the same.,FALSE
104,1,"P,G",RESTATUS,Residence Status,,2,INTRASTATE NONRESIDENT: State of occurrence and residence are the same but county is different.,FALSE
104,1,"P,G",RESTATUS,Residence Status,,3,INTERSTATE NONRESIDENT: State of occurrence and residence are different but both are one of the 50 US states or District of Columbia.,FALSE
104,1,"P,G",RESTATUS,Residence Status,,4,FOREIGN RESIDENT: The state of residence is not one of the 50 US states or District of Columbia.,FALSE
104,1,"P,G",RESTATUS,Residence Status,,1,"RESIDENT: State and county of occurrence and residence residence are the same.  (Unique to Guam, all US residents are considered residents of Guam and thus are assigned 1.)",TRUE
104,1,"P,G",RESTATUS,Residence Status,,2,INTRATERRITORY NONRESIDENT: Territory of occurrence and residence are the same but county is different.,TRUE
104,1,"P,G",RESTATUS,Residence Status,,2,INTERTERRITORY RESIDENT: Territory of occurrence and residence are different but both are US Territories.,TRUE
104,1,"P,G",RESTATUS,Residence Status,,3,FOREIGN RESIDENT: The residence is not a US Territory.,TRUE
105-106,2,"P,G",MRACE31,Mother’s Race Recode 31,,01,White (only) [only one race reported],
105-106,2,"P,G",MRACE31,Mother’s Race Recode 31,,02,Black (only),
105-106,2,"P,G",MRACE31,Mother’s Race Recode 31,,03,AIAN (American Indian or Alaskan Native) (only),
105-106,2,"P,G",MRACE31,Mother’s Race Recode 31,,04,Asian (only),
105-106,2,"P,G",MRACE31,Mother’s Race Recode 31,,05,NHOPI (Native Hawaiian or Other Pacific Islander) (only),
105-106,2,"P,G",MRACE31,Mother’s Race Recode 31,,06,Black and White,
105-106,2,"P,G",MRACE31,Mother’s Race Recode 31,,07,Black and AIAN,
105-106,2,"P,G",MRACE31,Mother’s Race Recode 31,,08,Black and Asian,
105-106,2,"P,G",MRACE31,Mother’s Race Recode 31,,09,Black and NHOPI,
105-106,2,"P,G",MRACE31,Mother’s Race Recode 31,,10,AIAN and White,
105-106,2,"P,G",MRACE31,Mother’s Race Recode 31,,11,AIAN and Asian,
105-106,2,"P,G",MRACE31,Mother’s Race Recode 31,,12,AIAN and NHOPI,
105-106,2,"P,G",MRACE31,Mother’s Race Recode 31,,13,Asian and White,
105-106,2,"P,G",MRACE31,Mother’s Race Recode 31,,14,Asian and NHOPI,
105-106,2,"P,G",MRACE31,Mother’s Race Recode 31,,15,NHOPI and White,
105-106,2,"P,G",MRACE31,Mother’s Race Recode 31,,16,"Black, AIAN, and White",
105-106,2,"P,G",MRACE31,Mother’s Race Recode 31,,17,"Black, AIAN, and Asian",
105-106,2,"P,G",MRACE31,Mother’s Race Recode 31,,18,"Black, AIAN, and NHOPI",
105-106,2,"P,G",MRACE31,Mother’s Race Recode 31,,19,"Black, Asian, and White",
105-106,2,"P,G",MRACE31,Mother’s Race Recode 31,,20,"Black, Asian, and NHOPI",
105-106,2,"P,G",MRACE31,Mother’s Race Recode 31,,21,"Black, NHOPI, and White",
105-106,2,"P,G",MRACE31,Mother’s Race Recode 31,,22,"AIAN, Asian, and White",
105-106,2,"P,G",MRACE31,Mother’s Race Recode 31,,23,"AIAN, NHOPI, and White",
105-106,2,"P,G",MRACE31,Mother’s Race Recode 31,,24,"AIAN, Asian, and NHOPI",
105-106,2,"P,G",MRACE31,Mother’s Race Recode 31,,25,"Asian, NHOPI, and White",
105-106,2,"P,G",MRACE31,Mother’s Race Recode 31,,26,"Black, AIAN, Asian, and White",
105-106,2,"P,G",MRACE31,Mother’s Race Recode 31,,27,"Black, AIAN, Asian, and NHOPI",
105-106,2,"P,G",MRACE31,Mother’s Race Recode 31,,28,"Black, AIAN, NHOPI, and White",
105-106,2,"P,G",MRACE31,Mother’s Race Recode 31,,29,"Black, Asian, NHOPI, and White",
105-106,2,"P,G",MRACE31,Mother’s Race Recode 31,,30,"AIAN, Asian, NHOPI, and White",
105-106,2,"P,G",MRACE31,Mother’s Race Recode 31,,31,"Black, AIAN, Asian, NHOPI, and White",
107,1,"P,G",MRACE6,Mother’s Race Recode 6,,1,White (only),
107,1,"P,G",MRACE6,Mother’s Race Recode 6,,2,Black (only),
107,1,"P,G",MRACE6,Mother’s Race Recode 6,,3,AIAN (only),
107,1,"P,G",MRACE6,Mother’s Race Recode 6,,4,Asian (only),
107,1,"P,G",MRACE6,Mother’s Race Recode 6,,5,NHOPI (only),
107,1,"P,G",MRACE6,Mother’s Race Recode 6,,6,More than one race,
108-109,2,"P,G",MRACE15,Mother’s Race Recode 15,,01,White (only),
108-109,2,"P,G",MRACE15,Mother’s Race Recode 15,,02,Black (only),
108-109,2,"P,G",MRACE15,Mother’s Race Recode 15,,03,AIAN (only),
108-109,2,"P,G",MRACE15,Mother’s Race Recode 15,,04,Asian Indian (only),
108-109,2,"P,G",MRACE15,Mother’s Race Recode 15,,05,Chinese (only),
108-109,2,"P,G",MRACE15,Mother’s Race Recode 15,,06,Filipino (only),
108-109,2,"P,G",MRACE15,Mother’s Race Recode 15,,07,Japanese (only),
108-109,2,"P,G",MRACE15,Mother’s Race Recode 15,,08,Korean (only),
108-109,2,"P,G",MRACE15,Mother’s Race Recode 15,,09,Vietnamese (only),
108-109,2,"P,G",MRACE15,Mother’s Race Recode 15,,10,Other Asian (only),
108-109,2,"P,G",MRACE15,Mother’s Race Recode 15,,11,Hawaiian (only),
108-109,2,"P,G",MRACE15,Mother’s Race Recode 15,,12,Guamanian (only),
108-109,2,"P,G",MRACE15,Mother’s Race Recode 15,,13,Samoan (only),
108-109,2,"P,G",MRACE15,Mother’s Race Recode 15,,14,Other Pacific Islander (only),
108-109,2,"P,G",MRACE15,Mother’s Race Recode 15,,15,More than one race,
110,1,"P,G",MBRACE,"Bridged Race Mother
Includes individuals reporting only one race and individuals reporting more than one race bridged to a single race.",,1,White,FALSE
110,1,"P,G",MBRACE,"Bridged Race Mother
Includes individuals reporting only one race and individuals reporting more than one race bridged to a single race.",,2,Black,FALSE
110,1,"P,G",MBRACE,"Bridged Race Mother
Includes individuals reporting only one race and individuals reporting more than one race bridged to a single race.",,3,American Indian or Alaskan Native,FALSE
110,1,"P,G",MBRACE,"Bridged Race Mother
Includes individuals reporting only one race and individuals reporting more than one race bridged to a single race.",,4,Asian or Pacific Islander,FALSE
110,1,"P,G",MBRACE,"Bridged Race Mother
Includes individuals reporting only one race and individuals reporting more than one race bridged to a single race.",,1,White,TRUE
110,1,"P,G",MBRACE,"Bridged Race Mother
Includes individuals reporting only one race and individuals reporting more than one race bridged to a single race.",,2,Black,TRUE
110,1,"P,G",MBRACE,"Bridged Race Mother
Includes individuals reporting only one race and individuals reporting more than one race bridged to a single race.",,0,Other (not classified as White or Black),TRUE
111,1,"P,G",MRACEIMP,Mother’s Race Imputed,,Blank,Mother’s race not imputed,
111,1,"P,G",MRACEIMP,Mother’s Race Imputed,,1,Unknown race imputed,
111,1,"P,G",MRACEIMP,Mother’s Race Imputed,,2,"All other races, formerly coded 09, imputed.",
112-114,3,,FILLER08,Filler,,Blank,,
115,1,"P,G",MHISP_R,Mother’s Hispanic Origin Recode,116,0,Non-Hispanic,
115,1,"P,G",MHISP_R,Mother’s Hispanic Origin Recode,116,1,Mexican,
115,1,"P,G",MHISP_R,Mother’s Hispanic Origin Recode,116,2,Puerto Rican,
115,1,"P,G",MHISP_R,Mother’s Hispanic Origin Recode,116,3,Cuban,
115,1,"P,G",MHISP_R,Mother’s Hispanic Origin Recode,116,4,Central and South American,
115,1,"P,G",MHISP_R,Mother’s Hispanic Origin Recode,116,5,Other and Unknown Hispanic origin,
115,1,"P,G",MHISP_R,Mother’s Hispanic Origin Recode,116,9,Hispanic origin not stated,
116,1,"P,G",F_MHISP,Reporting Flag for Mother’s Origin,,,See footnote,
117,1,"P,G",MRACEHISP,"Mother’s Race/Hispanic Origin
Based on single/multiple-race (fields 105-106, 107, and 108-109); for coding to create bridged-race categories (field 110) see “Coding for bridge-race and Hispanic origin categories” in the Detailed Technical Notes.",,1,Non-Hispanic White (only),
117,1,"P,G",MRACEHISP,"Mother’s Race/Hispanic Origin
Based on single/multiple-race (fields 105-106, 107, and 108-109); for coding to create bridged-race categories (field 110) see “Coding for bridge-race and Hispanic origin categories” in the Detailed Technical Notes.",,2,Non-Hispanic Black (only),
117,1,"P,G",MRACEHISP,"Mother’s Race/Hispanic Origin
Based on single/multiple-race (fields 105-106, 107, and 108-109); for coding to create bridged-race categories (field 110) see “Coding for bridge-race and Hispanic origin categories” in the Detailed Technical Notes.",,3,Non-Hispanic AIAN (only),
117,1,"P,G",MRACEHISP,"Mother’s Race/Hispanic Origin
Based on single/multiple-race (fields 105-106, 107, and 108-109); for coding to create bridged-race categories (field 110) see “Coding for bridge-race and Hispanic origin categories” in the Detailed Technical Notes.",,4,Non-Hispanic Asian (only),
117,1,"P,G",MRACEHISP,"Mother’s Race/Hispanic Origin
Based on single/multiple-race (fields 105-106, 107, and 108-109); for coding to create bridged-race categories (field 110) see “Coding for bridge-race and Hispanic origin categories” in the Detailed Technical Notes.",,5,Non-Hispanic NHOPI (only),
117,1,"P,G",MRACEHISP,"Mother’s Race/Hispanic Origin
Based on single/multiple-race (fields 105-106, 107, and 108-109); for coding to create bridged-race categories (field 110) see “Coding for bridge-race and Hispanic origin categories” in the Detailed Technical Notes.",,6,Non-Hispanic more than one race,
117,1,"P,G",MRACEHISP,"Mother’s Race/Hispanic Origin
Based on single/multiple-race (fields 105-106, 107, and 108-109); for coding to create bridged-race categories (field 110) see “Coding for bridge-race and Hispanic origin categories” in the Detailed Technical Notes.",,7,Hispanic,
117,1,"P,G",MRACEHISP,"Mother’s Race/Hispanic Origin
Based on single/multiple-race (fields 105-106, 107, and 108-109); for coding to create bridged-race categories (field 110) see “Coding for bridge-race and Hispanic origin categories” in the Detailed Technical Notes.",,8,Origin unknown or not stated,
118,1,,FILLER09,Filler,,Blank,,
119,1,"P,G",MAR_P,Paternity Acknowledged,123,Y,Yes,
119,1,"P,G",MAR_P,Paternity Acknowledged,123,N,No,
119,1,"P,G",MAR_P,Paternity Acknowledged,123,U,Unknown,
119,1,"P,G",MAR_P,Paternity Acknowledged,123,V,Not Applicable,
120,1,"P,G",DMAR,Marital Status,,1,Married,FALSE
120,1,"P,G",DMAR,Marital Status,,2,Unmarried,FALSE
120,1,"P,G",DMAR,Marital Status,,9,"Unknown, NS",FALSE
120,1,"P,G",DMAR,Marital Status,,1,Yes,TRUE
120,1,"P,G",DMAR,Marital Status,,2,Unmarried parents living together,TRUE
120,1,"P,G",DMAR,Marital Status,,3,Unmarried parents not living together,TRUE
120,1,"P,G",DMAR,Marital Status,,9,Unknown or not stated,TRUE
121,1,"P,G",MAR_IMP,Mother’s Marital Status Imputed,,Blank,Marital Status not imputed,
121,1,"P,G",MAR_IMP,Mother’s Marital Status Imputed,,1,Marital Status imputed,
122,1,,FILLER10,Filler,,Blank,,
123,1,"P,G",F_MAR_P,Reporting Flag for Paternity Acknowledged,,,See footnote,
124,1,"P,G",MEDUC,Mother’s Education,,1,8th grade or less,
124,1,"P,G",MEDUC,Mother’s Education,,2,9th through 12th grade with no diploma,
124,1,"P,G",MEDUC,Mother’s Education,,3,High school graduate or GED completed,
124,1,"P,G",MEDUC,Mother’s Education,,4,"Some college credit, but not a degree.",
124,1,"P,G",MEDUC,Mother’s Education,,5,"Associate degree (AA,AS)",
124,1,"P,G",MEDUC,Mother’s Education,,6,"Bachelor’s degree (BA, AB, BS)",
124,1,"P,G",MEDUC,Mother’s Education,,7,"Master’s degree (MA, MS, MEng, MEd, MSW, MBA)",
124,1,"P,G",MEDUC,Mother’s Education,,8,"Doctorate (PhD, EdD) or Professional Degree (MD, DDS, DVM, LLB, JD)",
124,1,"P,G",MEDUC,Mother’s Education,,9,Unknown,
125,1,,FILLER11,Filler,,Blank,,
126,1,"P,G",F_MEDUC,Reporting Flag for Education of Mother,,See footnote,,
127-141,15,,FILLER11,Filler,,Blank,,
142,1,"P,G",FAGERPT_FLG,Father’s Reported Age Used,,Blank,Father’s reported age not used,
142,1,"P,G",FAGERPT_FLG,Father’s Reported Age Used,,1,Father’s reported age used,
143-146,4,,FILLER12,Filler,,Blank,,
147-148,2,"P,G",FAGECOMB,Father’s Combined Age (Revised),,09-98,Father’s combined age in years,
147-148,2,"P,G",FAGECOMB,Father’s Combined Age (Revised),,99,Unknown or not stated,
149-150,2,"P,G",FAGE11,Father’s Age Recode 11,,01,Under 15 years,
149-150,2,"P,G",FAGE11,Father’s Age Recode 11,,02,15-19 years,
149-150,2,"P,G",FAGE11,Father’s Age Recode 11,,03,20-24 years,
149-150,2,"P,G",FAGE11,Father’s Age Recode 11,,04,25-29 years,
149-150,2,"P,G",FAGE11,Father’s Age Recode 11,,05,30-34 years,
149-150,2,"P,G",FAGE11,Father’s Age Recode 11,,06,35-39 years,
149-150,2,"P,G",FAGE11,Father’s Age Recode 11,,07,40-44 years,
149-150,2,"P,G",FAGE11,Father’s Age Recode 11,,08,45-49 years,
149-150,2,"P,G",FAGE11,Father’s Age Recode 11,,09,50-54 years,
149-150,2,"P,G",FAGE11,Father’s Age Recode 11,,10,55-98 years,
149-150,2,"P,G",FAGE11,Father’s Age Recode 11,,11,Not stated,
151-152,2,"P,G",FRACE31,Father’s Race Recode 31,,01,White (only) [only one race reported],
151-152,2,"P,G",FRACE31,Father’s Race Recode 31,,02,Black (only),
151-152,2,"P,G",FRACE31,Father’s Race Recode 31,,03,AIAN (American Indian or Alaskan Native) (only),
151-152,2,"P,G",FRACE31,Father’s Race Recode 31,,04,Asian (only),
151-152,2,"P,G",FRACE31,Father’s Race Recode 31,,05,NHOPI (Native Hawaiian or Other Pacific Islander) (only),
151-152,2,"P,G",FRACE31,Father’s Race Recode 31,,06,Black and White,
151-152,2,"P,G",FRACE31,Father’s Race Recode 31,,07,Black and AIAN,
151-152,2,"P,G",FRACE31,Father’s Race Recode 31,,08,Black and Asian,
151-152,2,"P,G",FRACE31,Father’s Race Recode 31,,09,Black and NHOPI,
151-152,2,"P,G",FRACE31,Father’s Race Recode 31,,10,AIAN and White,
151-152,2,"P,G",FRACE31,Father’s Race Recode 31,,11,AIAN and Asian,
151-152,2,"P,G",FRACE31,Father’s Race Recode 31,,12,AIAN and NHOPI,
151-152,2,"P,G",FRACE31,Father’s Race Recode 31,,13,Asian and White,
151-152,2,"P,G",FRACE31,Father’s Race Recode 31,,14,Asian and NHOPI,
151-152,2,"P,G",FRACE31,Father’s Race Recode 31,,15,NHOPI and White,
151-152,2,"P,G",FRACE31,Father’s Race Recode 31,,16,"Black, AIAN, and White",
151-152,2,"P,G",FRACE31,Father’s Race Recode 31,,17,"Black, AIAN, and Asian",
151-152,2,"P,G",FRACE31,Father’s Race Recode 31,,18,"Black, AIAN, and NHOPI",
151-152,2,"P,G",FRACE31,Father’s Race Recode 31,,19,"Black, Asian, and White",
151-152,2,"P,G",FRACE31,Father’s Race Recode 31,,20,"Black, Asian, and NHOPI",
151-152,2,"P,G",FRACE31,Father’s Race Recode 31,,21,"Black, NHOPI, and White",
151-152,2,"P,G",FRACE31,Father’s Race Recode 31,,22,"AIAN, Asian, and White",
151-152,2,"P,G",FRACE31,Father’s Race Recode 31,,23,"AIAN, NHOPI, and White",
151-152,2,"P,G",FRACE31,Father’s Race Recode 31,,24,"AIAN, Asian, and NHOPI",
151-152,2,"P,G",FRACE31,Father’s Race Recode 31,,25,"Asian, NHOPI, and White",
151-152,2,"P,G",FRACE31,Father’s Race Recode 31,,26,"Black, AIAN, Asian, and White",
151-152,2,"P,G",FRACE31,Father’s Race Recode 31,,27,"Black, AIAN, Asian, and NHOPI",
151-152,2,"P,G",FRACE31,Father’s Race Recode 31,,28,"Black, AIAN, NHOPI, and White",
151-152,2,"P,G",FRACE31,Father’s Race Recode 31,,29,"Black, Asian, NHOPI, and White",
151-152,2,"P,G",FRACE31,Father’s Race Recode 31,,30,"AIAN, Asian, NHOPI, and White",
151-152,2,"P,G",FRACE31,Father’s Race Recode 31,,31,"Black, AIAN, Asian, NHOPI, and White",
151-152,2,"P,G",FRACE31,Father’s Race Recode 31,,99,Unknown or Not Stated,
153,1,"P,G",FRACE6,Father’s Race Recode 6,,1,White (only),
153,1,"P,G",FRACE6,Father’s Race Recode 6,,2,Black (only),
153,1,"P,G",FRACE6,Father’s Race Recode 6,,3,AIAN (only),
153,1,"P,G",FRACE6,Father’s Race Recode 6,,4,Asian (only),
153,1,"P,G",FRACE6,Father’s Race Recode 6,,5,NHOPI (only),
153,1,"P,G",FRACE6,Father’s Race Recode 6,,6,More than one race,
153,1,"P,G",FRACE6,Father’s Race Recode 6,,9,Unknown or Not Stated,
154-155,2,"P,G",FRACE15,Father’s Race Recode 15,,01,White (only),
154-155,2,"P,G",FRACE15,Father’s Race Recode 15,,02,Black (only),
154-155,2,"P,G",FRACE15,Father’s Race Recode 15,,03,AIAN (only),
154-155,2,"P,G",FRACE15,Father’s Race Recode 15,,04,Asian Indian (only),
154-155,2,"P,G",FRACE15,Father’s Race Recode 15,,05,Chinese (only),
154-155,2,"P,G",FRACE15,Father’s Race Recode 15,,06,Filipino (only),
154-155,2,"P,G",FRACE15,Father’s Race Recode 15,,07,Japanese (only),
154-155,2,"P,G",FRACE15,Father’s Race Recode 15,,08,Korean (only),
154-155,2,"P,G",FRACE15,Father’s Race Recode 15,,09,Vietnamese (only),
154-155,2,"P,G",FRACE15,Father’s Race Recode 15,,10,Other Asian (only),
154-155,2,"P,G",FRACE15,Father’s Race Recode 15,,11,Hawaiian (only),
154-155,2,"P,G",FRACE15,Father’s Race Recode 15,,12,Guamanian (only),
154-155,2,"P,G",FRACE15,Father’s Race Recode 15,,13,Samoan (only),
154-155,2,"P,G",FRACE15,Father’s Race Recode 15,,14,Other Pacific Islander (only),
154-155,2,"P,G",FRACE15,Father’s Race Recode 15,,15,More than one race,
154-155,2,"P,G",FRACE15,Father’s Race Recode 15,,99,Unknown or Not Stated,
156,1,"P,G",FBRACE,"Bridged Race Father
Includes individuals reporting only one race and individuals reporting more than one race bridged to a single race.",,1,White,FALSE
156,1,"P,G",FBRACE,"Bridged Race Father
Includes individuals reporting only one race and individuals reporting more than one race bridged to a single race.",,2,Black,FALSE
156,1,"P,G",FBRACE,"Bridged Race Father
Includes individuals reporting only one race and individuals reporting more than one race bridged to a single race.",,3,American Indian or Alaskan Native,FALSE
156,1,"P,G",FBRACE,"Bridged Race Father
Includes individuals reporting only one race and individuals reporting more than one race bridged to a single race.",,4,Asian or Pacific Islander,FALSE
156,1,"P,G",FBRACE,"Bridged Race Father
Includes individuals reporting only one race and individuals reporting more than one race bridged to a single race.",,1,White,TRUE
156,1,"P,G",FBRACE,"Bridged Race Father
Includes individuals reporting only one race and individuals reporting more than one race bridged to a single race.",,2,Black,TRUE
156,1,"P,G",FBRACE,"Bridged Race Father
Includes individuals reporting only one race and individuals reporting more than one race bridged to a single race.",,0,Other (not classified as White or Black),TRUE
157-159,3,,FILLER13,Filler,,Blank,,
160,1,"P,G",FHISP_R,Father’s Hispanic Origin Recode,161,0,Non-Hispanic,
160,1,"P,G",FHISP_R,Father’s Hispanic Origin Recode,161,1,Mexican,
160,1,"P,G",FHISP_R,Father’s Hispanic Origin Recode,161,2,Puerto Rican,
160,1,"P,G",FHISP_R,Father’s Hispanic Origin Recode,161,3,Cuban,
160,1,"P,G",FHISP_R,Father’s Hispanic Origin Recode,161,4,Central and South American,
160,1,"P,G",FHISP_R,Father’s Hispanic Origin Recode,161,5,Other and Unknown Hispanic origin,
160,1,"P,G",FHISP_R,Father’s Hispanic Origin Recode,161,9,Hispanic origin not stated,
161,1,"P,G",F_FHISP,Reporting Flag for Father’s Origin,,,See footnote,
162,1,"P,G",FRACEHISP,"Father’s Race/Hispanic Origin
Based on single/multiple-race (fields 151-152,153, and 154-155); for coding to create bridged-race categories (field 156) see “Coding forbridge-race and Hispanic origin categories” in.the Detailed Technical Notes",,1,Non-Hispanic White (only),
162,1,"P,G",FRACEHISP,"Father’s Race/Hispanic Origin
Based on single/multiple-race (fields 151-152,153, and 154-155); for coding to create bridged-race categories (field 156) see “Coding forbridge-race and Hispanic origin categories” in.the Detailed Technical Notes",,2,Non-Hispanic Black (only),
162,1,"P,G",FRACEHISP,"Father’s Race/Hispanic Origin
Based on single/multiple-race (fields 151-152,153, and 154-155); for coding to create bridged-race categories (field 156) see “Coding forbridge-race and Hispanic origin categories” in.the Detailed Technical Notes",,3,Non-Hispanic AIAN (only),
162,1,"P,G",FRACEHISP,"Father’s Race/Hispanic Origin
Based on single/multiple-race (fields 151-152,153, and 154-155); for coding to create bridged-race categories (field 156) see “Coding forbridge-race and Hispanic origin categories” in.the Detailed Technical Notes",,4,Non-Hispanic Asian (only),
162,1,"P,G",FRACEHISP,"Father’s Race/Hispanic Origin
Based on single/multiple-race (fields 151-152,153, and 154-155); for coding to create bridged-race categories (field 156) see “Coding forbridge-race and Hispanic origin categories” in.the Detailed Technical Notes",,5,Non-Hispanic NHOPI (only),
162,1,"P,G",FRACEHISP,"Father’s Race/Hispanic Origin
Based on single/multiple-race (fields 151-152,153, and 154-155); for coding to create bridged-race categories (field 156) see “Coding forbridge-race and Hispanic origin categories” in.the Detailed Technical Notes",,6,Non-Hispanic more than one race,
162,1,"P,G",FRACEHISP,"Father’s Race/Hispanic Origin
Based on single/multiple-race (fields 151-152,153, and 154-155); for coding to create bridged-race categories (field 156) see “Coding forbridge-race and Hispanic origin categories” in.the Detailed Technical Notes",,7,Hispanic,
162,1,"P,G",FRACEHISP,"Father’s Race/Hispanic Origin
Based on single/multiple-race (fields 151-152,153, and 154-155); for coding to create bridged-race categories (field 156) see “Coding forbridge-race and Hispanic origin categories” in.the Detailed Technical Notes",,8,Origin unknown or not stated,
162,1,"P,G",FRACEHISP,"Father’s Race/Hispanic Origin
Based on single/multiple-race (fields 151-152,153, and 154-155); for coding to create bridged-race categories (field 156) see “Coding forbridge-race and Hispanic origin categories” in.the Detailed Technical Notes",,9,Race unknown or not stated (Non-Hispanic),
163,1,"P,G",FEDUC,Father’s Education 165,,1,8th grade or less,
163,1,"P,G",FEDUC,Father’s Education 165,,2,9th through 12th grade with no diploma,
163,1,"P,G",FEDUC,Father’s Education 165,,3,High school graduate or GED completed,
163,1,"P,G",FEDUC,Father’s Education 165,,4,"Some college credit, but not a degree.",
163,1,"P,G",FEDUC,Father’s Education 165,,5,"Associate degree (AA,AS)",
163,1,"P,G",FEDUC,Father’s Education 165,,6,"Bachelor’s degree (BA, AB, BS)",
163,1,"P,G",FEDUC,Father’s Education 165,,7,"Master’s degree (MA, MS, MEng, MEd, MSW, MBA)",
163,1,"P,G",FEDUC,Father’s Education 165,,8,"Doctorate (PhD, EdD) or Professional Degree (MD, DDS, DVM, LLB, JD)",
163,1,"P,G",FEDUC,Father’s Education 165,,9,Unknown,
164,1,,FILLER14,Filler,,Blank,,
165,1,"P,G",F_FEDUC,Reporting Flag for Education of Father,,,See footnote,
166-170,5,,FILLER15,Filler,,Blank,,
171-172,2,"P,G",PRIORLIVE,Prior Births Now Living,,00-30,Number of children still living from previous live births,
171-172,2,"P,G",PRIORLIVE,Prior Births Now Living,,99,Unknown or not stated,
173-174,2,"P,G",PRIORDEAD,Prior Births Now Dead,,00-30,Number of children dead from previous live births,
173-174,2,"P,G",PRIORDEAD,Prior Births Now Dead,,99,Unknown or not stated,
175-176,2,"P,G",PRIORTERM,Prior Terminations/Fetal Death,,0-30,Number of terminations/fetal deaths,
175-176,2,"P,G",PRIORTERM,Prior Terminations/Fetal Death,,99,Unknown or not stated,
177-178,2,,FILLER16,Filler,,Blank,,
179,1,"P,G",LBO_REC,Live Birth Order Recode,,1-7,Live birth order,
179,1,"P,G",LBO_REC,Live Birth Order Recode,,8,8 or more live births,
179,1,"P,G",LBO_REC,Live Birth Order Recode,,9,Unknown or not stated,
180-181,2,,FILLER17,Filler,,Blank,,
182,1,"P,G",TPO_REC,Total Pregnancy Order Recode,,1-7,Total pregnancy order,
182,1,"P,G",TPO_REC,Total Pregnancy Order Recode,,8,8 or more total pregnanices,
182,1,"P,G",TPO_REC,Total Pregnancy Order Recode,,9,Unknown or not stated,
183-197,15,,FILLER18,Filler,,Blank,,
198-200,3,"P,G",ILLB_R,Interval of Last Live Birth Recode,126,000-003,Plural delivery,
198-200,3,"P,G",ILLB_R,Interval of Last Live Birth Recode,126,004-300,Months since last live birth Not applicable / 1st live birth,
198-200,3,"P,G",ILLB_R,Interval of Last Live Birth Recode,126,888,,
198-200,3,"P,G",ILLB_R,Interval of Last Live Birth Recode,126,999,Unknown or not stated,
201-202,2,"P,G",ILLB_R11,Interval Since Last Live Birth Recode 11,126,00,Zero to 3 months (plural delivery),
201-202,2,"P,G",ILLB_R11,Interval Since Last Live Birth Recode 11,126,01,4 to 11 months,
201-202,2,"P,G",ILLB_R11,Interval Since Last Live Birth Recode 11,126,02,12 to 17 months,
201-202,2,"P,G",ILLB_R11,Interval Since Last Live Birth Recode 11,126,03,18 to 23 months,
201-202,2,"P,G",ILLB_R11,Interval Since Last Live Birth Recode 11,126,04,24 to 35 months,
201-202,2,"P,G",ILLB_R11,Interval Since Last Live Birth Recode 11,126,05,36 to 47 months,
201-202,2,"P,G",ILLB_R11,Interval Since Last Live Birth Recode 11,126,06,48 to 59 months,
201-202,2,"P,G",ILLB_R11,Interval Since Last Live Birth Recode 11,126,07,60 to 71 months,
201-202,2,"P,G",ILLB_R11,Interval Since Last Live Birth Recode 11,126,08,72 months and over,
201-202,2,"P,G",ILLB_R11,Interval Since Last Live Birth Recode 11,126,88,Not applicable (1st live birth),
201-202,2,"P,G",ILLB_R11,Interval Since Last Live Birth Recode 11,126,99,Unknown or not stated,
203-205,3,,FILLER19,Filler,,Blank,,
206-208,3,"P,G",ILOO_R,Interval Since Last Other Outcome Recode,126,000-003,Plural delivery,
206-208,3,"P,G",ILOO_R,Interval Since Last Other Outcome Recode,126,004-300,Months since last other pregnancy outcome,
206-208,3,"P,G",ILOO_R,Interval Since Last Other Outcome Recode,126,888,Not applicable / 1st natality event,
206-208,3,"P,G",ILOO_R,Interval Since Last Other Outcome Recode,126,999,Unknown or not stated,
209-210,2,"P,G",ILOO_R11,Interval Since Last Other Outcome Recode 11,126,00,Zero to 3 months (plural delivery),
209-210,2,"P,G",ILOO_R11,Interval Since Last Other Outcome Recode 11,126,01,4 to 11 months,
209-210,2,"P,G",ILOO_R11,Interval Since Last Other Outcome Recode 11,126,02,12 to 17 months,
209-210,2,"P,G",ILOO_R11,Interval Since Last Other Outcome Recode 11,126,03,18 to 23 months,
209-210,2,"P,G",ILOO_R11,Interval Since Last Other Outcome Recode 11,126,04,24 to 35 months,
209-210,2,"P,G",ILOO_R11,Interval Since Last Other Outcome Recode 11,126,05,36 to 47 months,
209-210,2,"P,G",ILOO_R11,Interval Since Last Other Outcome Recode 11,126,06,48 to 59 months,
209-210,2,"P,G",ILOO_R11,Interval Since Last Other Outcome Recode 11,126,07,60 to 71 months,
209-210,2,"P,G",ILOO_R11,Interval Since Last Other Outcome Recode 11,126,08,72 months and over,
209-210,2,"P,G",ILOO_R11,Interval Since Last Other Outcome Recode 11,126,88,Not applicable (1st natality event),
209-210,2,"P,G",ILOO_R11,Interval Since Last Other Outcome Recode 11,126,99,Unknown or not stated,
211-213,3,,FILLER20,Filler,,Blank,,
214-216,3,"P,G",ILP_R,Interval Since Last Pregnancy Recode,126,000-003,Plural delivery,
214-216,3,"P,G",ILP_R,Interval Since Last Pregnancy Recode,126,004-300,Months since last live birth,
214-216,3,"P,G",ILP_R,Interval Since Last Pregnancy Recode,126,888,Not applicable / no previous pregnancy,
214-216,3,"P,G",ILP_R,Interval Since Last Pregnancy Recode,126,999,Unknown or not stated,
217-218,2,"P,G",ILP_R11,Interval Since Last Pregnancy Recode 11,126,00,Zero to 3 months (plural delivery),
217-218,2,"P,G",ILP_R11,Interval Since Last Pregnancy Recode 11,126,01,4 to 11 months,
217-218,2,"P,G",ILP_R11,Interval Since Last Pregnancy Recode 11,126,02,12 to 17 months,
217-218,2,"P,G",ILP_R11,Interval Since Last Pregnancy Recode 11,126,03,18 to 23 months,
217-218,2,"P,G",ILP_R11,Interval Since Last Pregnancy Recode 11,126,04,24 to 35 months,
217-218,2,"P,G",ILP_R11,Interval Since Last Pregnancy Recode 11,126,05,36 to 47 months,
217-218,2,"P,G",ILP_R11,Interval Since Last Pregnancy Recode 11,126,06,48 to 59 months,
217-218,2,"P,G",ILP_R11,Interval Since Last Pregnancy Recode 11,126,07,60 to 71 months,
217-218,2,"P,G",ILP_R11,Interval Since Last Pregnancy Recode 11,126,08,72 months and over,
217-218,2,"P,G",ILP_R11,Interval Since Last Pregnancy Recode 11,126,88,Not applicable (no previous pregnancy),
217-218,2,"P,G",ILP_R11,Interval Since Last Pregnancy Recode 11,126,99,Unknown or not stated,
219-223,5,,FILLER21,Filler,,Blank,,
224-225,2,"P,G",PRECARE,Month Prenatal Care,226,00,No prenatal care,
224-225,2,"P,G",PRECARE,Month Prenatal Care,226,01-10,Month prenatal care began,
224-225,2,"P,G",PRECARE,Month Prenatal Care,226,99,Unknown or not stated,
226,1,"P,G",F_MPCB,Reporting Flag for Month Prenatal Care Began,,,See footnote,
227,1,"P,G",PRECARE5,Month Prenatal Care Began Recode,226,1,1st to 3rd month,
227,1,"P,G",PRECARE5,Month Prenatal Care Began Recode,226,2,4th to 6th month,
227,1,"P,G",PRECARE5,Month Prenatal Care Began Recode,226,3,7th to final month,
227,1,"P,G",PRECARE5,Month Prenatal Care Began Recode,226,4,No prenatal care,
227,1,"P,G",PRECARE5,Month Prenatal Care Began Recode,226,5,Unknown or not stated,
228-237,10,,FILLER22,Filler,,Blank,,
238-239,2,"P,G",PREVIS,"Number of Prenatal Visits (Revised)
See field 242-243 for national data",,00-98,Number of prenatal visits,
238-239,2,"P,G",PREVIS,"Number of Prenatal Visits (Revised)
See field 242-243 for national data",,99,Unknown or not stated,
240-241,2,,FILLER23,Filler,,Blank,,
242-243,2,"P,G",PREVIS_REC,Number of Prenatal Visits Recode,244,01,No visits,
242-243,2,"P,G",PREVIS_REC,Number of Prenatal Visits Recode,244,02,1 to 2 visits,
242-243,2,"P,G",PREVIS_REC,Number of Prenatal Visits Recode,244,03,3 to 4 visits,
242-243,2,"P,G",PREVIS_REC,Number of Prenatal Visits Recode,244,04,5 to 6 visits,
242-243,2,"P,G",PREVIS_REC,Number of Prenatal Visits Recode,244,05,7 to 8 visits,
242-243,2,"P,G",PREVIS_REC,Number of Prenatal Visits Recode,244,06,9 to 10 visits,
242-243,2,"P,G",PREVIS_REC,Number of Prenatal Visits Recode,244,07,11 to 12 visits,
242-243,2,"P,G",PREVIS_REC,Number of Prenatal Visits Recode,244,08,13 to 14 visits,
242-243,2,"P,G",PREVIS_REC,Number of Prenatal Visits Recode,244,09,15 to 16 visits,
242-243,2,"P,G",PREVIS_REC,Number of Prenatal Visits Recode,244,10,17 to 18 visits,
242-243,2,"P,G",PREVIS_REC,Number of Prenatal Visits Recode,244,11,19 or more visits,
242-243,2,"P,G",PREVIS_REC,Number of Prenatal Visits Recode,244,12,Unknown or not stated,
244,1,"P,G",F_TPCV,Reporting Flag for Total Prenatal Care Visits,,,See footnote,
245-250,6,,FILLER24,Filler,,Blank,,
251,1,"P,G",WIC,WIC,252,Y,Yes,
251,1,"P,G",WIC,WIC,252,N,No,
251,1,"P,G",WIC,WIC,252,U,Unknown or not stated,
252,1,"P,G",F_WIC,Reporting Flag for WIC,,0,Non-Reporting,
252,1,"P,G",F_WIC,Reporting Flag for WIC,,1,Reporting,
253-254,2,"P,G",CIG_0,Cigarettes Before Pregnancy,265,00-97,Number of cigarettes daily,
253-254,2,"P,G",CIG_0,Cigarettes Before Pregnancy,265,98,98 or more cigarettes daily,
253-254,2,"P,G",CIG_0,Cigarettes Before Pregnancy,265,99,Unknown or not stated,
255-256,2,"P,G",CIG_1,Cigarettes 1st Trimester,266,00-97,Number of cigarettes daily,
255-256,2,"P,G",CIG_1,Cigarettes 1st Trimester,266,98,98 or more cigarettes daily,
255-256,2,"P,G",CIG_1,Cigarettes 1st Trimester,266,99,Unknown or not stated,
257-258,2,"P,G",CIG_2,Cigarettes 2nd Trimester,267,00-97,Number of cigarettes daily,
257-258,2,"P,G",CIG_2,Cigarettes 2nd Trimester,267,98,98 or more cigarettes daily,
257-258,2,"P,G",CIG_2,Cigarettes 2nd Trimester,267,99,Unknown or not stated,
259-260,2,"P,G",CIG_3,Cigarettes 3rd Trimester,268,00-97,Number of cigarettes daily,
259-260,2,"P,G",CIG_3,Cigarettes 3rd Trimester,268,98,98 or more cigarettes daily,
259-260,2,"P,G",CIG_3,Cigarettes 3rd Trimester,268,99,Unknown or not stated,
261,1,"P,G",CIG0_R,Cigarettes Before Pregnancy Recode,265,0,Nonsmoker,
261,1,"P,G",CIG0_R,Cigarettes Before Pregnancy Recode,265,1,1-5,
261,1,"P,G",CIG0_R,Cigarettes Before Pregnancy Recode,265,2,6-10,
261,1,"P,G",CIG0_R,Cigarettes Before Pregnancy Recode,265,3,11-20,
261,1,"P,G",CIG0_R,Cigarettes Before Pregnancy Recode,265,4,21-40,
261,1,"P,G",CIG0_R,Cigarettes Before Pregnancy Recode,265,5,41 or more,
261,1,"P,G",CIG0_R,Cigarettes Before Pregnancy Recode,265,6,Unknown or not stated,
262,1,"P,G",CIG1_R,Cigarettes 1st Trimester Recode,266,0,Nonsmoker,
262,1,"P,G",CIG1_R,Cigarettes 1st Trimester Recode,266,1,1-5,
262,1,"P,G",CIG1_R,Cigarettes 1st Trimester Recode,266,2,6-10,
262,1,"P,G",CIG1_R,Cigarettes 1st Trimester Recode,266,3,11-20,
262,1,"P,G",CIG1_R,Cigarettes 1st Trimester Recode,266,4,21-40,
262,1,"P,G",CIG1_R,Cigarettes 1st Trimester Recode,266,5,41 or more,
262,1,"P,G",CIG1_R,Cigarettes 1st Trimester Recode,266,6,Unknown or not stated,
263,1,"P,G",CIG2_R,Cigarettes 2nd Trimester Recode,267,0,Nonsmoker,
263,1,"P,G",CIG2_R,Cigarettes 2nd Trimester Recode,267,1,1-5,
263,1,"P,G",CIG2_R,Cigarettes 2nd Trimester Recode,267,2,6-10,
263,1,"P,G",CIG2_R,Cigarettes 2nd Trimester Recode,267,3,11-20,
263,1,"P,G",CIG2_R,Cigarettes 2nd Trimester Recode,267,4,21-40,
263,1,"P,G",CIG2_R,Cigarettes 2nd Trimester Recode,267,5,41 or more,
263,1,"P,G",CIG2_R,Cigarettes 2nd Trimester Recode,267,6,Unknown or not stated,
264,1,"P,G",CIG3_R,Cigarettes 3rd Trimester Recode,268,0,Nonsmoker,
264,1,"P,G",CIG3_R,Cigarettes 3rd Trimester Recode,268,1,1-5,
264,1,"P,G",CIG3_R,Cigarettes 3rd Trimester Recode,268,2,6-10,
264,1,"P,G",CIG3_R,Cigarettes 3rd Trimester Recode,268,3,11-20,
264,1,"P,G",CIG3_R,Cigarettes 3rd Trimester Recode,268,4,21-40,
264,1,"P,G",CIG3_R,Cigarettes 3rd Trimester Recode,268,5,41 or more,
264,1,"P,G",CIG3_R,Cigarettes 3rd Trimester Recode,268,6,Not stated / Not on certificate,
265,1,"P,G",F_CIGS_0,Reporting Flag for Cigarettes before Pregnancy,,,See footnote,
266,1,"P,G",F_CIGS_1,Reporting Flag for Cigarettes 1st Trimester,,,See footnote,
267,1,"P,G",F_CIGS_2,Reporting Flag for Cigarettes 2nd Trimester,,,See footnote,
268,1,"P,G",F_CIGS_3,Reporting Flag for Cigarettes 3rd Trimester,,,See footnote,
269,1,"P,G",CIG_REC,Cigarette Recode (Revised),270,Y,Yes,
269,1,"P,G",CIG_REC,Cigarette Recode (Revised),270,N,No,
269,1,"P,G",CIG_REC,Cigarette Recode (Revised),270,U,Unknown or not stated,
270,1,"P,G",F_TOBACO,Reporting Flag for Tobacco use,,,See footnote,
271-279,9,,FILLER25,Filler,,Blank,,
280-281,2,"P,G",MHTR,Mother’s Height in Inches (Recode),282,30-78,Height in inches,
280-281,2,"P,G",MHTR,Mother’s Height in Inches (Recode),282,99,Unknown or not stated,
282,1,"P,G",F_M_HT,Reporting Flag for Mother’s Height,,,See footnote,
283-286,4,"P,G",BMI,BMI,282,13.0-69.9,Body Mass Index,
283-286,4,"P,G",BMI,BMI,282,99.9,Unknown or not stated,
287,1,"P,G",BMI_R,Body Mass Index Recode,282,1,Underweight <18.5,
287,1,"P,G",BMI_R,Body Mass Index Recode,282,2,Normal 18.5-24.9,
287,1,"P,G",BMI_R,Body Mass Index Recode,282,3,Overweight 25.0-29.9,
287,1,"P,G",BMI_R,Body Mass Index Recode,282,4,Obesity I 35.0-39.9,
287,1,"P,G",BMI_R,Body Mass Index Recode,282,5,Obesity II 35.0-39.9,
287,1,"P,G",BMI_R,Body Mass Index Recode,282,6,Extreme Obesity III ≥ 40.0,
287,1,"P,G",BMI_R,Body Mass Index Recode,282,9,Unknown or not stated,
288-291,4,,FILLER26,Filler,,Blank,,
292-294,3,"P,G",PWgt_R,Pre-pregnancy Weight Recode,295,075-375,Weight in pounds,
292-294,3,"P,G",PWgt_R,Pre-pregnancy Weight Recode,295,999,Unknown or not stated,
295,1,"P,G",F_PWGT,Reporting Flag for Pre-pregnancy Weight,,,See footnote,
296-298,3,,FILLER27,Filler,,Blank,,
299-301,3,"P,G",DWGT_R,Delivery Weight Recode,303,100-400,Weight in pounds,
299-301,3,"P,G",DWGT_R,Delivery Weight Recode,303,999,Unknown or not stated,
302,1,,FILLER28,Filler,,Blank,,
303,1,"P,G",F_DWGT,Reporting Flag for Delivery Weight,,,See footnote,
304-305,2,"P,G",WTGAIN,Weight Gain,307,00-97,Weight gain in pounds,
304-305,2,"P,G",WTGAIN,Weight Gain,307,98,98 pounds and over,
304-305,2,"P,G",WTGAIN,Weight Gain,307,99,Unknown or not stated,
306,1,"P,G",WTGAIN_REC,Weight Gain Recode,307,1,Less than 11 pounds,
306,1,"P,G",WTGAIN_REC,Weight Gain Recode,307,2,11 to 20 pounds,
306,1,"P,G",WTGAIN_REC,Weight Gain Recode,307,3,21 to 30 pounds,
306,1,"P,G",WTGAIN_REC,Weight Gain Recode,307,4,31 to 40 pounds,
306,1,"P,G",WTGAIN_REC,Weight Gain Recode,307,5,41 to 98 pounds,
306,1,"P,G",WTGAIN_REC,Weight Gain Recode,307,9,Unknown or not stated See footnote,
307,1,"P,G",F_WTGAIN,Reporting Flag for Weight Gain,,,See footnote,
308-312,5,,FILLER29,Filler,,Blank,,
313,1,"P,G",RF_PDIAB,Pre-pregnancy Diabetes,319,Y,Yes,
313,1,"P,G",RF_PDIAB,Pre-pregnancy Diabetes,319,N,No,
313,1,"P,G",RF_PDIAB,Pre-pregnancy Diabetes,319,U,Unknown or not stated,
314,1,"P,G",RF_GDIAB,Gestational Diabetes,320,Y,Yes,
314,1,"P,G",RF_GDIAB,Gestational Diabetes,320,N,No,
314,1,"P,G",RF_GDIAB,Gestational Diabetes,320,U,Unknown or not stated,
315,1,"P,G",RF_PHYPE,Pre-pregnancy Hypertension,321,Y,Yes,
315,1,"P,G",RF_PHYPE,Pre-pregnancy Hypertension,321,N,No,
315,1,"P,G",RF_PHYPE,Pre-pregnancy Hypertension,321,U,Unknown or not stated,
316,1,"P,G",RF_GHYPE,Gestational Hypertension,322,Y,Yes,
316,1,"P,G",RF_GHYPE,Gestational Hypertension,322,N,No,
316,1,"P,G",RF_GHYPE,Gestational Hypertension,322,U,Unknown or not stated,
317,1,"P,G",RF_EHYPE,Hypertension Eclampsia,323,Y,Yes,
317,1,"P,G",RF_EHYPE,Hypertension Eclampsia,323,N,No,
317,1,"P,G",RF_EHYPE,Hypertension Eclampsia,323,U,Unknown or not stated,
318,1,"P,G",RF_PPB,Previous Preterm Birth,324,Y,Yes,
318,1,"P,G",RF_PPB,Previous Preterm Birth,324,N,No,
318,1,"P,G",RF_PPB,Previous Preterm Birth,324,U,Unknown or not stated,
319,1,"P,G",F_RF_PDIAB,Reporting Flag for Pre-pregnancy Diabetes,,,See footnote,
320,1,"P,G",F_RF_GDIAB,Reporting Flag for Gestational Diabetes,,,See footnote,
321,1,"P,G",F_RF_PHYPE,Reporting Flag for Pre-pregnancy Hypertension,,,See footnote,
322,1,"P,G",F_RF_GHYPE,Reporting Flag for Gestational Hypertension,,,See footnote,
323,1,"P,G",F_RF_EHYPE,Reporting Flag for Hypertension Eclampsia,,,See footnote,
324,1,"P,G",F_RF_PPB,Reporting Flag for Previous Preterm Birth,,,See footnote,
325,1,"P,G",RF_INFT,"Infertility Treatment
Use reporting flag in field 319",328,Y,Yes,
325,1,"P,G",RF_INFT,"Infertility Treatment
Use reporting flag in field 319",328,N,No,
325,1,"P,G",RF_INFT,"Infertility Treatment
Use reporting flag in field 319",328,U,Unknown or not stated,
326,1,"P,G",RF_DRG,Fertility Enhancing Drugs,329,Y,Yes,
326,1,"P,G",RF_DRG,Fertility Enhancing Drugs,329,N,No,
326,1,"P,G",RF_DRG,Fertility Enhancing Drugs,329,X,Not applicable,
326,1,"P,G",RF_DRG,Fertility Enhancing Drugs,329,U,Unknown or not stated,
327,1,"P,G",RF_ART,Asst. Reproductive Technology,330,Y,Yes,
327,1,"P,G",RF_ART,Asst. Reproductive Technology,330,N,No,
327,1,"P,G",RF_ART,Asst. Reproductive Technology,330,X,Not applicable,
327,1,"P,G",RF_ART,Asst. Reproductive Technology,330,U,Unknown or not stated,
328,1,,FILLER30,Filler,,Blank,,
329,1,"P,G",F_RF_DRG,Reporting Flag for Fertility Enhance Drugs,,,See footnote,
330,1,"P,G",F_RF_ART,Reporting Flag for Reproductive Technology,,,See footnote,
331,1,"P,G",RF_CESAR,Previous Cesareans,335,Y,Yes,
331,1,"P,G",RF_CESAR,Previous Cesareans,335,N,No,
331,1,"P,G",RF_CESAR,Previous Cesareans,335,U,Unknown or not stated,
332-333,2,"P,G",RF_CESARN,Number of Previous Cesareans,,00,None,
332-333,2,"P,G",RF_CESARN,Number of Previous Cesareans,336,01-30,Number of previous cesareans,
332-333,2,"P,G",RF_CESARN,Number of Previous Cesareans,336,99,Unknown or not stated,
334,1,,FILLER30,Filler,,Blank,,
334,1,,FILLER30,Filler,,,,
335,1,"P,G",F_RF_CESAR,Reporting Flag for Previous Cesarean,,,See footnote,
336,1,"P,G",F_RF_NCESAR,Reporting Flag for Number of Previous Cesareans,,,See footnote,
337,1,"P,G",NO_RISKS,No Risk Factors Checked,126,1,TRUE,
337,1,"P,G",NO_RISKS,No Risk Factors Checked,126,0,FALSE,
337,1,"P,G",NO_RISKS,No Risk Factors Checked,126,9,Not Reported,
338-342,4,,FILLER31,Filler,,Blank,,
343,1,"P,G",IP_GON,Gonorrhea,348,Y,Yes,
343,1,"P,G",IP_GON,Gonorrhea,348,N,No,
343,1,"P,G",IP_GON,Gonorrhea,348,U,Unknown or not stated,
344,1,"P,G",IP_SYPH,Syphilis,349,Y,Yes,
344,1,"P,G",IP_SYPH,Syphilis,349,N,No,
344,1,"P,G",IP_SYPH,Syphilis,349,U,Unknown or not stated,
345,1,"P,G",IP_CHLAM,Chlamydia,350,Y,Yes,
345,1,"P,G",IP_CHLAM,Chlamydia,350,N,No,
345,1,"P,G",IP_CHLAM,Chlamydia,350,U,Unknown or not stated,
346,1,"P,G",IP_HEPB,Hepatitis B,351,Y,Yes,
346,1,"P,G",IP_HEPB,Hepatitis B,351,N,No,
346,1,"P,G",IP_HEPB,Hepatitis B,351,U,Unknown or not stated,
347,1,"P,G",IP_HEPC,Hepatitis C,352,Y,Yes,
347,1,"P,G",IP_HEPC,Hepatitis C,352,N,No,
347,1,"P,G",IP_HEPC,Hepatitis C,352,U,Unknown or not stated,
348,1,"P,G",F_IP_GON,Reporting Flag for Gonorrhea,,,See footnote,
349,1,"P,G",F_IP_SYPH,Reporting Flag for Syphilis,,,See footnote,
350,1,"P,G",F_IP_CHLAM,Reporting Flag for Chlamydia,,,See footnote,
351,1,"P,G",F_IP_HEPB,Reporting Flag for Hepatitis B,,,See footnote,
352,1,"P,G",F_IP_HEPC,Reporting Flag for Hepatitis C,,,See footnote,
353,1,"P,G",NO_INFEC,No Infections Checked,126,1,True,
353,1,"P,G",NO_INFEC,No Infections Checked,126,0,False,
353,1,"P,G",NO_INFEC,No Infections Checked,126,9,Not Reported,
354-359,6,,FILLER32,Filler,,Blank,,
360,1,"P,G",OB_SUCC,Successful External Cephalic Version,363,Y,Yes,
360,1,"P,G",OB_SUCC,Successful External Cephalic Version,363,N,No,
360,1,"P,G",OB_SUCC,Successful External Cephalic Version,363,U,Unknown or not stated,
361,1,"P,G",OB_FAIL,Failed External Cephalic Version,364,Y,Yes,
361,1,"P,G",OB_FAIL,Failed External Cephalic Version,364,N,No,
361,1,"P,G",OB_FAIL,Failed External Cephalic Version,364,U,Unknown or not stated,
362,1,,FILLER33,Filler,,Blank,,
363,1,"P,G",F_OB_SUCC,Reporting Flag for Successful External Cephalic Version,,,See footnote,
364,1,"P,G",F_OB_FAIL,Reporting Flag for Failed External Cephalic Version,,,See footnote,
365-371,7,"P,G",CO_SEQNUM,Cohort Sequence Number,,"xxx,xxx-xxx,xxx",,
372-375,4,"P,G",CO_DODYY,Cohort Year of Death,,20XX,,
376-382,7,"P,G",FILLER34,Filler,,Blank,,
383,1,"P,G",LD_INDL,Induction of Labor,389,Y,Yes,
383,1,"P,G",LD_INDL,Induction of Labor,389,N,No,
383,1,"P,G",LD_INDL,Induction of Labor,389,U,Unknown or not stated,
384,1,"P,G",LD_AUGM,Augmentation of Labor,390,Y,Yes,
384,1,"P,G",LD_AUGM,Augmentation of Labor,390,N,No,
384,1,"P,G",LD_AUGM,Augmentation of Labor,390,U,Unknown or not stated,
385,1,"P,G",LD_STER,Steroids,391,Y,Yes,
385,1,"P,G",LD_STER,Steroids,391,N,No,
385,1,"P,G",LD_STER,Steroids,391,U,Unknown or not stated,
386,1,"P,G",LD_ANTB,Antibiotics,392,Y,Yes,
386,1,"P,G",LD_ANTB,Antibiotics,392,N,No,
386,1,"P,G",LD_ANTB,Antibiotics,392,U,Unknown or not stated,
387,1,"P,G",LD_CHOR,Chorioamnionitis,393,Y,Yes,
387,1,"P,G",LD_CHOR,Chorioamnionitis,393,N,No,
387,1,"P,G",LD_CHOR,Chorioamnionitis,393,U,Unknown or not stated,
388,1,"P,G",LD_ANES,Anesthesia,394,Y,Yes,
388,1,"P,G",LD_ANES,Anesthesia,394,N,No,
388,1,"P,G",LD_ANES,Anesthesia,394,U,Unknown or not stated,
389,1,"P,G",F_LD_INDL,Reporting Flag for Induction of Labor,,,See footnote,
390,1,"P,G",F_LD_AUGM,Reporting Flag for Augmentation of Labor,,,See footnote,
391,1,"P,G",F_LD_STER,Reporting Flag for Steroids,,,See footnote,
392,1,"P,G",F_LD_ANTB,Reporting Flag for Antibiotics,,,See footnote,
393,1,"P,G",F_LD_CHOR,Reporting Flag for Chorioamnionitis,,,See footnote,
394,1,"P,G",F_LD_ANES,Reporting Flag for Anesthesia,,,See footnote,
395,1,"P,G",NO_LBRDLV,No Characteristics of Labor Checked,126,1,True,
395,1,"P,G",NO_LBRDLV,No Characteristics of Labor Checked,126,0,False,
395,1,"P,G",NO_LBRDLV,No Characteristics of Labor Checked,126,9,Not Reported,
396-400,5,,FILLER35,Filler,,Blank,,
401,1,"P,G",ME_PRES,Fetal Presentation,404,1,Cephalic,
401,1,"P,G",ME_PRES,Fetal Presentation,404,2,Breech,
401,1,"P,G",ME_PRES,Fetal Presentation,404,3,Other,
401,1,"P,G",ME_PRES,Fetal Presentation,404,9,Unknown or not stated,
402,1,"P,G",ME_ROUT,Final Route & Method of Delivery,405,1,Spontaneous,
402,1,"P,G",ME_ROUT,Final Route & Method of Delivery,405,2,Forceps,
402,1,"P,G",ME_ROUT,Final Route & Method of Delivery,405,3,Vacuum,
402,1,"P,G",ME_ROUT,Final Route & Method of Delivery,405,4,Cesarean,
402,1,"P,G",ME_ROUT,Final Route & Method of Delivery,405,9,Unknown or not stated,
403,1,"P,G",ME_TRIAL,Trial of Labor Attempted,406,Y,Yes,
403,1,"P,G",ME_TRIAL,Trial of Labor Attempted,406,N,No,
403,1,"P,G",ME_TRIAL,Trial of Labor Attempted,406,X,Not applicable,
403,1,"P,G",ME_TRIAL,Trial of Labor Attempted,406,U,Unknown or not stated,
404,1,"P,G",F_ME_PRES,Reporting Flag for Fetal Presentation,,,See footnote,
405,1,"P,G",F_ME_ROUT,Reporting Flag for Final Route and Method of Delivery,,,See footnote,
406,1,"P,G",F_ME_TRIAL,Reporting Flag for Trial of Labor Attempted,,,See footnote,
407,1,"P,G",RDMETH_REC,Delivery Method Recode,409,1,Vaginal (excludes vaginal after previous C-section),
407,1,"P,G",RDMETH_REC,Delivery Method Recode,409,2,Vaginal after previous c-section,
407,1,"P,G",RDMETH_REC,Delivery Method Recode,409,3,Primary C-section,
407,1,"P,G",RDMETH_REC,Delivery Method Recode,409,4,Repeat C-section,
407,1,"P,G",RDMETH_REC,Delivery Method Recode,409,5,Vaginal (unknown if previous c-section),
407,1,"P,G",RDMETH_REC,Delivery Method Recode,409,6,C-section (unknown if previous c-section),
407,1,"P,G",RDMETH_REC,Delivery Method Recode,409,9,Not stated,
408,1,"P,G",DMETH_REC,Delivery Method Recode Combined,,1,Vaginal,
408,1,"P,G",DMETH_REC,Delivery Method Recode Combined,,2,C-Section,
408,1,"P,G",DMETH_REC,Delivery Method Recode Combined,,9,Unknown,
409,1,"P,G",F_DMETH_REC,Reporting Flag for Method of Delivery Recode,,,See footnote,
410-414,5,,FILLER36,Filler,,Blank,,
415,1,"P,G",MM_MTR,Maternal Transfusion,421,Y,Yes,
415,1,"P,G",MM_MTR,Maternal Transfusion,421,N,No,
415,1,"P,G",MM_MTR,Maternal Transfusion,421,U,Unknown or not stated,
416,1,"P,G",MM_PLAC,Perineal Laceration,422,Y,Yes,
416,1,"P,G",MM_PLAC,Perineal Laceration,422,N,No,
416,1,"P,G",MM_PLAC,Perineal Laceration,422,U,Unknown or not stated,
417,1,"P,G",MM_RUPT,Ruptured Uterus,423,Y,Yes,
417,1,"P,G",MM_RUPT,Ruptured Uterus,423,N,No,
417,1,"P,G",MM_RUPT,Ruptured Uterus,423,U,Unknown or not stated,
418,1,"P,G",MM_UHYST,Unplanned Hysterectomy,424,Y,Yes,
418,1,"P,G",MM_UHYST,Unplanned Hysterectomy,424,N,No,
418,1,"P,G",MM_UHYST,Unplanned Hysterectomy,424,U,Unknown or not stated,
419,1,"P,G",MM_AICU,Admit to Intensive Care,425,Y,Yes,
419,1,"P,G",MM_AICU,Admit to Intensive Care,425,N,No,
419,1,"P,G",MM_AICU,Admit to Intensive Care,425,U,Unknown or not stated,
420,1,,FILLER37,Filler,,Blank,,
421,1,"P,G",F_MM_MTR,Reporting Flag for Maternal Transfusion,,,See footnote,
422,1,"P,G",F_MM_ PLAC,Reporting Flag for Perineal Laceration,,,See footnote,
423,1,"P,G",F_MM_RUPT,Reporting Flag for Ruptured Uterus,,,See footnote,
424,1,"P,G",F_MM_UHYST,Reporting Flag for Unplanned Hysterectomy,,,See footnote,
425,1,"P,G",F_MM_AICU,Reporting Flag for Admission to Intensive Care,,,See footnote,
426,1,,FILLER38,Filler,,Blank,,
427,1,"P,G",NO_MMORB,No Maternal Morbidity Checked,126,1,True,
427,1,"P,G",NO_MMORB,No Maternal Morbidity Checked,126,0,False,
427,1,"P,G",NO_MMORB,No Maternal Morbidity Checked,126,9,Not Reported,
428-432,5,,FILLER39,Filler,,Blank,,
433,1,"P,G",ATTEND,Attendant,,1,Doctor of Medicine (MD),
433,1,"P,G",ATTEND,Attendant,,2,Doctor of Osteopathy (DO),
433,1,"P,G",ATTEND,Attendant,,3,Certified Nurse Midwife (CNM),
433,1,"P,G",ATTEND,Attendant,,4,Other Midwife,
433,1,"P,G",ATTEND,Attendant,,5,Other,
433,1,"P,G",ATTEND,Attendant,,9,Unknown or not stated,
434,1,"P,G",MTRAN,Mother Transferred,126,Y,Yes,
434,1,"P,G",MTRAN,Mother Transferred,126,N,No,
434,1,"P,G",MTRAN,Mother Transferred,126,U,Unknown,
435,1,"P,G",PAY,Payment Source,437,1,Medicaid,
435,1,"P,G",PAY,Payment Source,437,2,Private Insurance,
435,1,"P,G",PAY,Payment Source,437,3,Self-Pay,
435,1,"P,G",PAY,Payment Source,437,4,Indian Health Service,
435,1,"P,G",PAY,Payment Source,437,5,CHAMPUS/TRICARE,
435,1,"P,G",PAY,Payment Source,437,6,"Other Government (Federal, State, Local)",
435,1,"P,G",PAY,Payment Source,437,8,Other,
435,1,"P,G",PAY,Payment Source,437,9,Unknown,
436,1,"P,G",PAY_REC,Payment Recode,438,1,Medicaid,
436,1,"P,G",PAY_REC,Payment Recode,438,2,Private Insurance,
436,1,"P,G",PAY_REC,Payment Recode,438,3,Self Pay,
436,1,"P,G",PAY_REC,Payment Recode,438,4,Other,
436,1,"P,G",PAY_REC,Payment Recode,438,9,Unknown,
437,1,"P,G",F_PAY,Reporting Flag for Source of Payment,,,See footnote,
438,1,"P,G",F_PAY_REC,Reporting Flag for Payment Recode,,,See footnote,
439-443,5,,FILLER40,Filler,,Blank,,
444-445,2,"P,G",APGAR5,Five Minute APGAR Score,447,00-10,A score of 0-10,
444-445,2,"P,G",APGAR5,Five Minute APGAR Score,447,99,Unknown or not stated,
446,1,"P,G",APGAR5R,Five Minute APGAR Recode,447,1,A score of 0-3,
446,1,"P,G",APGAR5R,Five Minute APGAR Recode,447,2,A score of 4-6,
446,1,"P,G",APGAR5R,Five Minute APGAR Recode,447,3,A score of 7-8,
446,1,"P,G",APGAR5R,Five Minute APGAR Recode,447,4,A score of 9-10,
446,1,"P,G",APGAR5R,Five Minute APGAR Recode,447,5,Unknown or not stated,
447,1,"P,G",F_APGAR5,Reporting Flag for Five minute APGAR,,,See footnote,
448-449,2,"P,G",APGAR10,"Ten Minute APGAR Score
Use reporting flag in field 126 for 2018",,00-10,A score of 0-10,
448-449,2,"P,G",APGAR10,"Ten Minute APGAR Score
Use reporting flag in field 126 for 2018",,88,Not applicable,
448-449,2,"P,G",APGAR10,"Ten Minute APGAR Score
Use reporting flag in field 126 for 2018",,99,Unknown or not stated,
450,1,"P,G",APGAR10R,"Ten Minute APGAR Recode
Use reporting flag in field 126 for 2018",,1,A score of 0-3,
450,1,"P,G",APGAR10R,"Ten Minute APGAR Recode
Use reporting flag in field 126 for 2018",,2,A score of 4-6,
450,1,"P,G",APGAR10R,"Ten Minute APGAR Recode
Use reporting flag in field 126 for 2018",,3,A score of 7-8,
450,1,"P,G",APGAR10R,"Ten Minute APGAR Recode
Use reporting flag in field 126 for 2018",,4,A score of 9-10,
450,1,"P,G",APGAR10R,"Ten Minute APGAR Recode
Use reporting flag in field 126 for 2018",,5,Not stated/not applicable,
451-453,1,,FILLER41,Filler,,Blank,,
454,1,"P,G",DPLURAL,Plurality Recode,,1,Single,
454,1,"P,G",DPLURAL,Plurality Recode,,2,Twin,
454,1,"P,G",DPLURAL,Plurality Recode,,3,Triplet,
454,1,"P,G",DPLURAL,Plurality Recode,,4,Quadruplet,
454,1,"P,G",DPLURAL,Plurality Recode,,5,Quintuplet or higher,
455,1,,FILLER42,Filler,,Blank,,
456,1,"P,G",IMP_PLUR,Plurality Imputed,,Blank,Plurality is imputed,
456,1,"P,G",IMP_PLUR,Plurality Imputed,,1,Plurality is not imputed,
457-458,2,,FILLER43,Filler,,Blank,,
459,1,"P,G",SETORDER_R,Set Order Recode 126,,1,1st,
459,1,"P,G",SETORDER_R,Set Order Recode 126,,2,2nd,
459,1,"P,G",SETORDER_R,Set Order Recode 126,,3,3rd,
459,1,"P,G",SETORDER_R,Set Order Recode 126,,4,4th,
459,1,"P,G",SETORDER_R,Set Order Recode 126,,5,5th to 16th,
459,1,"P,G",SETORDER_R,Set Order Recode 126,,9,Unknown or not stated,
460-474,15,,FILLER44,Filler,,Blank,,
475,1,"P,G",SEX,Sex of Infant,,M,Male,
475,1,"P,G",SEX,Sex of Infant,,F,Female,
476,1,"P,G",IMP_SEX,Imputed Sex,,Blank,Infant Sex not Imputed,
476,1,"P,G",IMP_SEX,Imputed Sex,,1,Infant Sex is Imputed,
477-478,2,"P,G",DLMP_MM,Last Normal Menses Month,,01,January,
477-478,2,"P,G",DLMP_MM,Last Normal Menses Month,,02,February,
477-478,2,"P,G",DLMP_MM,Last Normal Menses Month,,03,March,
477-478,2,"P,G",DLMP_MM,Last Normal Menses Month,,04,April,
477-478,2,"P,G",DLMP_MM,Last Normal Menses Month,,05,May,
477-478,2,"P,G",DLMP_MM,Last Normal Menses Month,,06,June,
477-478,2,"P,G",DLMP_MM,Last Normal Menses Month,,07,July,
477-478,2,"P,G",DLMP_MM,Last Normal Menses Month,,08,August,
477-478,2,"P,G",DLMP_MM,Last Normal Menses Month,,09,September,
477-478,2,"P,G",DLMP_MM,Last Normal Menses Month,,10,October,
477-478,2,"P,G",DLMP_MM,Last Normal Menses Month,,11,November,
477-478,2,"P,G",DLMP_MM,Last Normal Menses Month,,12,December,
477-478,2,"P,G",DLMP_MM,Last Normal Menses Month,,99,Unknown or not stated,
479-480,2,,FILLER45,Filler,,Blank,,
481-484,4,"P,G",DLMP_YY,Last Normal Menses Year,,nnnn,Year of last normal menses,
481-484,4,"P,G",DLMP_YY,Last Normal Menses Year,,9999,Unknown or not stated,
485-487,3,,FILLER46,Filler,,Blank,,
487,1,,COMPGST_IMP,Computed Gestation Imputation Flag,,Blank,Computed Gestation is not imputed,
487,1,,COMPGST_IMP,Computed Gestation Imputation Flag,,1,Computed Gestation is imputed,
488,1,"P,G",COMBGST_IMP,Combined Gestation Imputed,,Blank,Combined Gestation is not imputed,
488,1,"P,G",COMBGST_IMP,Combined Gestation Imputed,,1,Combined Gestation is imputed,
489,1,"P,G",OBGEST_FLG,Obstetric Estimate of Gestation Used Flag,,Blank,Clinical Estimate is not used,
489,1,"P,G",OBGEST_FLG,Obstetric Estimate of Gestation Used Flag,,1,Clinical Estimate is used,
490-491,2,"P,G",COMBGEST,Combined Gestation – Detail in Weeks,,17-47,17th through 47th week of Gestation,
490-491,2,"P,G",COMBGEST,Combined Gestation – Detail in Weeks,,99,Unknown,
492-493,2,"P,G",GESTREC10,Combined Gestation Recode 10,,01,Under 20 weeks,
492-493,2,"P,G",GESTREC10,Combined Gestation Recode 10,,02,20-27 weeks,
492-493,2,"P,G",GESTREC10,Combined Gestation Recode 10,,03,28-31 weeks,
492-493,2,"P,G",GESTREC10,Combined Gestation Recode 10,,04,32-33 weeks,
492-493,2,"P,G",GESTREC10,Combined Gestation Recode 10,,05,34-36 weeks,
492-493,2,"P,G",GESTREC10,Combined Gestation Recode 10,,06,37-38 weeks,
492-493,2,"P,G",GESTREC10,Combined Gestation Recode 10,,07,39 weeks,
492-493,2,"P,G",GESTREC10,Combined Gestation Recode 10,,08,40 weeks,
492-493,2,"P,G",GESTREC10,Combined Gestation Recode 10,,09,41 weeks,
492-493,2,"P,G",GESTREC10,Combined Gestation Recode 10,,10,42 weeks and over,
492-493,2,"P,G",GESTREC10,Combined Gestation Recode 10,,99,Unknown,
494,1,"P,G",GESTREC3,Combined Gestation Recode 3,,1,Under 37 weeks,
494,1,"P,G",GESTREC3,Combined Gestation Recode 3,,2,37 weeks and over,
494,1,"P,G",GESTREC3,Combined Gestation Recode 3,,3,Not stated,
495-497,3,,FILLER47,Filler,,Blank,,
498,1,"P,G",LMPUSED,Computed (LMP) Gestation Used Flag,,Blank,LMP not used for gestation,
498,1,"P,G",LMPUSED,Computed (LMP) Gestation Used Flag,,1,LMP used for gestation,
499-500,2,"P,G",OEGest_Comb,"Obstetric Estimate Edited
(NCHS Standard item)",,17-47,Weeks of gestation,
499-500,2,"P,G",OEGest_Comb,"Obstetric Estimate Edited
(NCHS Standard item)",,99,Not stated,
501-502,2,"P,G",OEGest_R10,"Obstetric Estimate Recode10
(NCHS Standard item)",,01,Under 20 weeks,
501-502,2,"P,G",OEGest_R10,"Obstetric Estimate Recode10
(NCHS Standard item)",,02,20-27 weeks,
501-502,2,"P,G",OEGest_R10,"Obstetric Estimate Recode10
(NCHS Standard item)",,03,28-31 weeks,
501-502,2,"P,G",OEGest_R10,"Obstetric Estimate Recode10
(NCHS Standard item)",,04,32-33 weeks,
501-502,2,"P,G",OEGest_R10,"Obstetric Estimate Recode10
(NCHS Standard item)",,05,34-36 weeks,
501-502,2,"P,G",OEGest_R10,"Obstetric Estimate Recode10
(NCHS Standard item)",,06,37-38 weeks,
501-502,2,"P,G",OEGest_R10,"Obstetric Estimate Recode10
(NCHS Standard item)",,07,39 weeks,
501-502,2,"P,G",OEGest_R10,"Obstetric Estimate Recode10
(NCHS Standard item)",,08,40 weeks,
501-502,2,"P,G",OEGest_R10,"Obstetric Estimate Recode10
(NCHS Standard item)",,09,41 weeks,
501-502,2,"P,G",OEGest_R10,"Obstetric Estimate Recode10
(NCHS Standard item)",,10,42 weeks and over,
501-502,2,"P,G",OEGest_R10,"Obstetric Estimate Recode10
(NCHS Standard item)",,99,Unknown,
503,1,"P,G",OEGest_R3,"Obstetric Estimate Recode 3
(NCHS Standard Item)",,1,Under 37 weeks,
503,1,"P,G",OEGest_R3,"Obstetric Estimate Recode 3
(NCHS Standard Item)",,2,37 weeks and over,
503,1,"P,G",OEGest_R3,"Obstetric Estimate Recode 3
(NCHS Standard Item)",,3,Not stated,
504-508,5,,FILLER48,FILLER,,Blank,,
509-510,2,"P,G",BWTR14,Birth Weight Recode 14,,01,227 - 499 grams,
509-510,2,"P,G",BWTR14,Birth Weight Recode 14,,02,500 – 749 grams,
509-510,2,"P,G",BWTR14,Birth Weight Recode 14,,03,750 – 999 grams,
509-510,2,"P,G",BWTR14,Birth Weight Recode 14,,04,1000 - 1249 grams,
509-510,2,"P,G",BWTR14,Birth Weight Recode 14,,05,1250 – 1499 grams,
509-510,2,"P,G",BWTR14,Birth Weight Recode 14,,06,1500 – 1999 grams,
509-510,2,"P,G",BWTR14,Birth Weight Recode 14,,07,2000 – 2499 grams,
509-510,2,"P,G",BWTR14,Birth Weight Recode 14,,08,2500 – 2999 grams,
509-510,2,"P,G",BWTR14,Birth Weight Recode 14,,09,3000 – 3499 grams,
509-510,2,"P,G",BWTR14,Birth Weight Recode 14,,10,3500 – 3999 grams,
509-510,2,"P,G",BWTR14,Birth Weight Recode 14,,11,4000 – 4499 grams,
509-510,2,"P,G",BWTR14,Birth Weight Recode 14,,12,4500 – 4999 grams,
509-510,2,"P,G",BWTR14,Birth Weight Recode 14,,13,5000 – 8165 grams,
509-510,2,"P,G",BWTR14,Birth Weight Recode 14,,14,Not Stated,
511,1,"P,G",BWTR4,Birth Weight Recode 4,,1,227 - 1499 grams,
511,1,"P,G",BWTR4,Birth Weight Recode 4,,2,1500 – 2499 grams,
511,1,"P,G",BWTR4,Birth Weight Recode 4,,3,2500 - 8165 grams,
511,1,"P,G",BWTR4,Birth Weight Recode 4,,4,Unknown or not stated,
512-515,4,"P,G",BRTHWGT,Imputed Birth Weight,,0227-8165,Number of grams,
512-515,4,"P,G",BRTHWGT,Imputed Birth Weight,,9999,Not stated birth weight,
516,1,"P,G",BWTIMP,Birth Weight Imputed Flag,,Blank,Birth Weight is not imputed,
516,1,"P,G",BWTIMP,Birth Weight Imputed Flag,,1,Birth Weight is imputed,
517,1,"P,G",AB_AVEN1,Assisted Ventilation,524,Y,Yes,
517,1,"P,G",AB_AVEN1,Assisted Ventilation,524,N,No,
517,1,"P,G",AB_AVEN1,Assisted Ventilation,524,U,Unknown or not stated,
518,1,"P,G",AB_AVEN6,Assisted Ventilation > 6 hrs,525,Y,Yes,
518,1,"P,G",AB_AVEN6,Assisted Ventilation > 6 hrs,525,N,No,
518,1,"P,G",AB_AVEN6,Assisted Ventilation > 6 hrs,525,U,Unknown or not stated,
519,1,"P,G",AB_NICU,Admission to NICU,526,Y,Yes,
519,1,"P,G",AB_NICU,Admission to NICU,526,N,No,
519,1,"P,G",AB_NICU,Admission to NICU,526,U,Unknown or not stated,
520,1,"P,G",AB_SURF,Surfactant,527,Y,Yes,
520,1,"P,G",AB_SURF,Surfactant,527,N,No,
520,1,"P,G",AB_SURF,Surfactant,527,U,Unknown or not stated,
521,1,"P,G",AB_ANTI,Antibiotics,528,Y,Yes,
521,1,"P,G",AB_ANTI,Antibiotics,528,N,No,
521,1,"P,G",AB_ANTI,Antibiotics,528,U,Unknown or not stated,
522,1,"P,G",AB_SEIZ,Seizures,529,Y,Yes,
522,1,"P,G",AB_SEIZ,Seizures,529,N,No,
522,1,"P,G",AB_SEIZ,Seizures,529,U,Unknown or not stated,
523,1,,FILLER50,Filler,,Blank,,
524,1,"P,G",F_AB_AVEN1,Reporting Flag for Assisted Ventilation,,,See footnote,
525,1,"P,G",F_AB_AVEN6,Reporting Flag for Assisted Ventilation >6 hrs,,,See footnote,
526,1,"P,G",F_AB_NICU,Reporting Flag for Admission to NICU,,,See footnote,
527,1,"P,G",F_AB_SURF,Reporting Flag for Surfactant,,,See footnote,
528,1,"P,G",F_AB_ANTI,Reporting Flag for Antibiotics,,,See footnote,
529,1,"P,G",F_AB_SEIZ,Reporting Flag for Seizures,,,See footnote,
530,1,,FILLER51,Filler,,Blank,,
531,1,"P,G",NO_ABNORM,No Abnormal Conditions Checked,126,1,True,
531,1,"P,G",NO_ABNORM,No Abnormal Conditions Checked,126,0,False,
531,1,"P,G",NO_ABNORM,No Abnormal Conditions Checked,126,9,Not Reported,
532-536,5,,FILLER52,Filler,,Blank,,
537,1,"P,G",CA_ANEN,Anencephaly,543,Y,Yes,
537,1,"P,G",CA_ANEN,Anencephaly,543,N,No,
537,1,"P,G",CA_ANEN,Anencephaly,543,U,Unknown or not stated,
538,1,"P,G",CA_MNSB,Meningomyelocele / Spina Bifida,544,Y,Yes,
538,1,"P,G",CA_MNSB,Meningomyelocele / Spina Bifida,544,N,No,
538,1,"P,G",CA_MNSB,Meningomyelocele / Spina Bifida,544,U,Unknown or not stated,
539,1,"P,G",CA_CCHD,Cyanotic Congenital Heart Disease,545,Y,Yes,
539,1,"P,G",CA_CCHD,Cyanotic Congenital Heart Disease,545,N,No,
539,1,"P,G",CA_CCHD,Cyanotic Congenital Heart Disease,545,U,Unknown or not stated,
540,1,"P,G",CA_CDH,Congenital Diaphragmatic Hernia,546,Y,Yes,
540,1,"P,G",CA_CDH,Congenital Diaphragmatic Hernia,546,N,No,
540,1,"P,G",CA_CDH,Congenital Diaphragmatic Hernia,546,U,Unknown or not stated,
541,1,"P,G",CA_OMPH,Omphalocele,547,Y,Yes,
541,1,"P,G",CA_OMPH,Omphalocele,547,N,No,
541,1,"P,G",CA_OMPH,Omphalocele,547,U,Unknown or not stated,
542,1,"P,G",CA_GAST,Gastroschisis,548,Y,Yes,
542,1,"P,G",CA_GAST,Gastroschisis,548,N,No,
542,1,"P,G",CA_GAST,Gastroschisis,548,U,Unknown or not stated,
543,1,"P,G",F_CA_ANEN,Reporting Flag for Anencephaly,,,See footnote,
544,1,"P,G",F_CA_MNSB,Reporting Flag for Meningomyelocele/Spina Bifida,,,See footnote,
545,1,"P,G",F_CA_CCHD,Reporting Flag for Cyanotic Congenital Heart Disease,,,See footnote,
546,1,"P,G",F_CA_CDH,Reporting Flag for Congenital Diaphragmatic Hernia,,,See footnote,
547,1,"P,G",F_CA_OMPH,Reporting Flag for Omphalocele,,,See footnote,
548,1,"P,G",F_CA_GAST,Reporting Flag for Gastroschisis,,,See footnote,
549,1,"P,G",CA_LIMB,Limb Reduction Defect,555,Y,Yes,
549,1,"P,G",CA_LIMB,Limb Reduction Defect,555,N,No,
549,1,"P,G",CA_LIMB,Limb Reduction Defect,555,U,Unknown or not stated,
550,1,"P,G",CA_CLEFT,Cleft Lip w/ or w/o Cleft Palate,556,Y,Yes,
550,1,"P,G",CA_CLEFT,Cleft Lip w/ or w/o Cleft Palate,556,N,No,
550,1,"P,G",CA_CLEFT,Cleft Lip w/ or w/o Cleft Palate,556,U,Unknown or not stated,
551,1,"P,G",CA_CLPAL,Cleft Palate alone,557,Y,Yes,
551,1,"P,G",CA_CLPAL,Cleft Palate alone,557,N,No,
551,1,"P,G",CA_CLPAL,Cleft Palate alone,557,U,Unknown or not stated,
552,1,"P,G",CA_DOWN,Down Syndrome,558,C,Confirmed,
552,1,"P,G",CA_DOWN,Down Syndrome,558,P,Pending,
552,1,"P,G",CA_DOWN,Down Syndrome,558,N,No,
552,1,"P,G",CA_DOWN,Down Syndrome,558,U,Unknown,
553,1,"P,G",CA_DISOR,Suspected Chromosomal Disorder,559,C,Confirmed,
553,1,"P,G",CA_DISOR,Suspected Chromosomal Disorder,559,P,Pending,
553,1,"P,G",CA_DISOR,Suspected Chromosomal Disorder,559,N,No,
553,1,"P,G",CA_DISOR,Suspected Chromosomal Disorder,559,U,Unknown,
554,1,"P,G",CA_HYPO,Hypospadias,560,Y,"Yes, anomaly reported",
554,1,"P,G",CA_HYPO,Hypospadias,560,N,"No, anomaly not reported",
554,1,"P,G",CA_HYPO,Hypospadias,560,U,Unknown,
555,1,"P,G",F_CA_LIMB,Reporting Flag for Limb Reduction Defect,,,See footnote,
556,1,"P,G",F_CA_CLEFT,Reporting Flag for Cleft Lip with or without Cleft Palate,,,See footnote,
557,1,"P,G",F_CA_CLPAL,Reporting Flag for Cleft Plate Alone,,,See footnote,
558,1,"P,G",F_CA_DOWN,Reporting Flag for Down Syndrome,,,See footnote,
559,1,"P,G",F_CA_DISOR,Reporting Flag for Suspected Chromosomal Disorder,,,See footnote,
560,1,"P,G",F_CA_HYPO,Reporting Flag for Hypospadias,,,See footnote,
561,1,"P,G",NO_CONGEN,No Congenital Anomalies Checked,126,1,True,
561,1,"P,G",NO_CONGEN,No Congenital Anomalies Checked,126,0,False,
561,1,"P,G",NO_CONGEN,No Congenital Anomalies Checked,126,9,Not Reported,
562-566,5,,FILLER53,Filler,,Blank,,
567,1,"P,G",ITRAN,Infant Transferred,126,Y,Yes,
567,1,"P,G",ITRAN,Infant Transferred,126,N,No,
567,1,"P,G",ITRAN,Infant Transferred,126,U,Unknown or not stated,
568,1,"P,G",ILIVE,Infant Living at Time of Report,126,Y,Yes,
568,1,"P,G",ILIVE,Infant Living at Time of Report,126,N,No,
568,1,"P,G",ILIVE,Infant Living at Time of Report,126,U,Unknown or not stated,
569,1,"P,G",BFED,Infant Being Breastfed,570,Y,Yes,
569,1,"P,G",BFED,Infant Being Breastfed,570,N,No,
569,1,"P,G",BFED,Infant Being Breastfed,570,U,Unknown or not stated,
570,1,"P,G",F_BFED,Reporting Flag for Breastfed at Discharge,,,See footnote,
571-1345,759,"P,G",FILLER54,Filler,,Blank,,
1346,1,"P,G",FLGND,Match Status,,1,Record in both files,
1346,1,"P,G",FLGND,Match Status,,Blank,Record not in both files,
